{
  "feature_names": [
    "price_change_5m",
    "price_change_5m_sq",
    "price_change_1h",
    "impulse",
    "pressure",
    "vlr",
    "h1_vlr",
    "buy_sell_ratio",
    "h1_buy_sell_ratio",
    "buy_sell_asym_5m",
    "log_volume_1h",
    "log_liquidity",
    "score",
    "participation_breadth"
  ],
  "mean": [
    14.503238404355537,
    431.7542796879891,
    160.3096597214959,
    1.1474404573818842,
    46.20916239137251,
    0.47451416002173036,
    9.177190716567225,
    4.052543891583306,
    1.6905858261878388,
    0.6989220371270481,
    9.052359219291448,
    7.469358230394271,
    89.31190451261648,
    0.4016996648968044
  ],
  "std": [
    14.880643124705133,
    1373.7304253360242,
    538.5816025299854,
    0.15231397766345822,
    14.048087997565547,
    0.4540095208492864,
    13.703746818608026,
    3.4930981337316824,
    0.7668310898942071,
    0.34534189885651007,
    1.1486983588051234,
    0.9053850398081417,
    23.313802478712645,
    0.22000850450668735
  ],
  "w": [
    0.31011387356743947,
    -0.46204402773697084,
    0.03604882228276676,
    0.21065935017952006,
    -0.04469149489016893,
    0.30037955855844567,
    -0.03914856676374357,
    -6.206822756524459e-05,
    0.10256529389542639,
    0.0315688609465925,
    -0.05145897203229492,
    0.24700922609654244,
    -0.27162591403627145,
    0.1449090409110964
  ],
  "b": -2.6686846489663094
}