{
  "feature_names": [
    "price_change_5m",
    "price_change_5m_sq",
    "price_change_1h",
    "impulse",
    "pressure",
    "vlr",
    "h1_vlr",
    "buy_sell_ratio",
    "h1_buy_sell_ratio",
    "buy_sell_asym_5m",
    "log_volume_1h",
    "log_liquidity",
    "score",
    "participation_breadth"
  ],
  "mean": [
    27.379557291666668,
    4256.640220572916,
    174.93549479166666,
    1.3345716651004693,
    61.23783854166667,
    2.0516261413985872,
    7.485851459570689,
    2.0488126910472864,
    1.886736861750765,
    0.24628596337438216,
    9.547020372109236,
    7.99767915116514,
    63.669270833333336,
    0.0
  ],
  "std": [
    59.297189825601514,
    21045.084423775377,
    209.11650144668218,
    0.5678221272892071,
    16.56932296329919,
    5.778031140638464,
    11.298152144424026,
    1.9691706993463853,
    1.4335195684725188,
    0.3860083619820809,
    0.9677284351999691,
    0.801430379303989,
    17.154877161699094,
    1.0
  ],
  "w": [
    0.06379793703796664,
    -0.06618206715431704,
    0.1926670819242418,
    -0.06234745121870355,
    0.09845287004672067,
    -0.6014713907786007,
    0.08550405853486176,
    0.043271713651726815,
    -0.2714890565204122,
    0.2456429385697983,
    0.1421643085224018,
    0.007103931577340253,
    0.2619218268606541,
    0.0
  ],
  "b": -1.9419395130076424
}